-- MySQL dump 10.13  Distrib 5.5.24, for Win32 (x86)
--
-- Host: localhost    Database: shop
-- ------------------------------------------------------
-- Server version	5.5.24-log

/*!40101 SET @OLD_CHARACTER_SET_CLIENT=@@CHARACTER_SET_CLIENT */;
/*!40101 SET @OLD_CHARACTER_SET_RESULTS=@@CHARACTER_SET_RESULTS */;
/*!40101 SET @OLD_COLLATION_CONNECTION=@@COLLATION_CONNECTION */;
/*!40101 SET NAMES utf8 */;
/*!40103 SET @OLD_TIME_ZONE=@@TIME_ZONE */;
/*!40103 SET TIME_ZONE='+00:00' */;
/*!40014 SET @OLD_UNIQUE_CHECKS=@@UNIQUE_CHECKS, UNIQUE_CHECKS=0 */;
/*!40014 SET @OLD_FOREIGN_KEY_CHECKS=@@FOREIGN_KEY_CHECKS, FOREIGN_KEY_CHECKS=0 */;
/*!40101 SET @OLD_SQL_MODE=@@SQL_MODE, SQL_MODE='NO_AUTO_VALUE_ON_ZERO' */;
/*!40111 SET @OLD_SQL_NOTES=@@SQL_NOTES, SQL_NOTES=0 */;

--
-- Table structure for table `lee_admin`
--

DROP TABLE IF EXISTS `lee_admin`;
/*!40101 SET @saved_cs_client     = @@character_set_client */;
/*!40101 SET character_set_client = utf8 */;
CREATE TABLE `lee_admin` (
  `admin_id` smallint(5) unsigned NOT NULL AUTO_INCREMENT,
  `username` char(20) NOT NULL DEFAULT '',
  `password` char(32) NOT NULL DEFAULT '',
  PRIMARY KEY (`admin_id`)
) ENGINE=InnoDB AUTO_INCREMENT=2 DEFAULT CHARSET=utf8;
/*!40101 SET character_set_client = @saved_cs_client */;

--
-- Dumping data for table `lee_admin`
--

LOCK TABLES `lee_admin` WRITE;
/*!40000 ALTER TABLE `lee_admin` DISABLE KEYS */;
INSERT INTO `lee_admin` VALUES (1,'admin','202cb962ac59075b964b07152d234b70');
/*!40000 ALTER TABLE `lee_admin` ENABLE KEYS */;
UNLOCK TABLES;

--
-- Table structure for table `lee_banner`
--

DROP TABLE IF EXISTS `lee_banner`;
/*!40101 SET @saved_cs_client     = @@character_set_client */;
/*!40101 SET character_set_client = utf8 */;
CREATE TABLE `lee_banner` (
  `id` smallint(5) unsigned NOT NULL AUTO_INCREMENT,
  `title` char(30) NOT NULL DEFAULT '''''' COMMENT '图片标题',
  `image` varchar(120) NOT NULL DEFAULT '''''' COMMENT '图片路径',
  `url` varchar(120) NOT NULL DEFAULT '''''',
  `sort` tinyint(3) unsigned NOT NULL DEFAULT '0',
  `isshow` tinyint(3) unsigned NOT NULL DEFAULT '0',
  PRIMARY KEY (`id`)
) ENGINE=InnoDB AUTO_INCREMENT=13 DEFAULT CHARSET=utf8;
/*!40101 SET character_set_client = @saved_cs_client */;

--
-- Dumping data for table `lee_banner`
--

LOCK TABLES `lee_banner` WRITE;
/*!40000 ALTER TABLE `lee_banner` DISABLE KEYS */;
INSERT INTO `lee_banner` VALUES (5,'反季大清仓','upload/26971386741078.jpg','#',1,1),(6,'1000礼包限时抢','upload/52871386741511.jpg','#',2,1),(7,'圣诞最值得买','upload/42671386741571.jpg','#',3,1),(8,'直降专场1折起','upload/51841386741614.jpg','#',4,1),(9,'运动户外2折起','upload/3691386741678.jpg','#',5,1),(10,'名品频道上线','upload/6891386741737.jpg','#',6,1),(11,'狂野性感内衣','upload/5501386741883.jpg','#',7,1),(12,'鞋靴箱包2折起','upload/86961386741916.jpg','#',8,1);
/*!40000 ALTER TABLE `lee_banner` ENABLE KEYS */;
UNLOCK TABLES;

--
-- Table structure for table `lee_cart`
--

DROP TABLE IF EXISTS `lee_cart`;
/*!40101 SET @saved_cs_client     = @@character_set_client */;
/*!40101 SET character_set_client = utf8 */;
CREATE TABLE `lee_cart` (
  `id` int(10) unsigned NOT NULL AUTO_INCREMENT COMMENT '购物车id',
  `uid` int(10) unsigned NOT NULL DEFAULT '0',
  `gid` int(10) unsigned NOT NULL DEFAULT '0',
  `size` char(20) NOT NULL DEFAULT '''''',
  `num` tinyint(3) unsigned NOT NULL DEFAULT '0',
  PRIMARY KEY (`id`)
) ENGINE=InnoDB DEFAULT CHARSET=utf8;
/*!40101 SET character_set_client = @saved_cs_client */;

--
-- Dumping data for table `lee_cart`
--

LOCK TABLES `lee_cart` WRITE;
/*!40000 ALTER TABLE `lee_cart` DISABLE KEYS */;
/*!40000 ALTER TABLE `lee_cart` ENABLE KEYS */;
UNLOCK TABLES;

--
-- Table structure for table `lee_category`
--

DROP TABLE IF EXISTS `lee_category`;
/*!40101 SET @saved_cs_client     = @@character_set_client */;
/*!40101 SET character_set_client = utf8 */;
CREATE TABLE `lee_category` (
  `cid` smallint(5) unsigned NOT NULL AUTO_INCREMENT COMMENT '分类id',
  `pid` smallint(5) unsigned NOT NULL DEFAULT '0' COMMENT '父级id  默认为0 为顶级分类',
  `cname` char(20) NOT NULL DEFAULT '''''' COMMENT '分类名',
  `c_keywords` varchar(120) NOT NULL DEFAULT '' COMMENT '分类关键字',
  `c_description` varchar(255) NOT NULL DEFAULT '' COMMENT '分类描述',
  `htmldir` char(20) NOT NULL DEFAULT '' COMMENT '分类静态目录',
  `sort` smallint(5) unsigned NOT NULL DEFAULT '0' COMMENT '分类排序',
  `is_archtml` tinyint(3) unsigned NOT NULL DEFAULT '0' COMMENT '是否生成内容页静态',
  `cis_show` tinyint(4) NOT NULL DEFAULT '0' COMMENT '分类是否展示',
  `ctitle` char(60) NOT NULL COMMENT '分类标题',
  `type_id` smallint(5) unsigned NOT NULL DEFAULT '0',
  PRIMARY KEY (`cid`)
) ENGINE=InnoDB AUTO_INCREMENT=253 DEFAULT CHARSET=utf8;
/*!40101 SET character_set_client = @saved_cs_client */;

--
-- Dumping data for table `lee_category`
--

LOCK TABLES `lee_category` WRITE;
/*!40000 ALTER TABLE `lee_category` DISABLE KEYS */;
INSERT INTO `lee_category` VALUES (1,0,'名品','时尚女包提供正品时尚女包,新款时尚女包,品牌时尚女包,100%专柜正品保证,超低折扣,支持货到付款和15天无条件退换货保障!','正品时尚女包,新款时尚女包,品牌时尚女包','mingpin',1,1,1,'名品时尚',3),(2,0,'女装','正品,新款,品牌_女装','正品,新款,品牌_女装','nvzhuang',2,1,1,'潮流女装',6),(3,0,'男装','【上装】正品,新款,品牌_男装_上装','【上装】正品,新款,品牌_男装_上装','nanzhuang',3,1,1,'精品男装',9),(4,0,'鞋靴箱包','【女鞋】正品,新款,品牌_鞋靴箱包_女鞋','【女鞋】正品,新款,品牌_鞋靴箱包_女鞋','xiezi',4,1,1,'鞋靴箱包',13),(5,0,'珠宝配饰','【黄金】正品,新款,品牌_珠宝配饰_黄金','【黄金】正品,新款,品牌_珠宝配饰_黄金','zhubao',5,1,1,'珠宝配饰',15),(6,0,'运动户外','【户外服装】正品,新款,品牌_运动户外_户外服装','【户外服装】正品,新款,品牌_运动户外_户外服装','huwai',6,1,1,'运动户外',20),(7,0,'居家生活','【家纺】正品,新款,品牌_居家生活_家纺','【家纺】正品,新款,品牌_居家生活_家纺','jujia',7,1,1,'居家生活',21),(8,1,'时尚女包','时尚女包','时尚女包','nvbao',1,1,1,'时尚女包',3),(9,1,'品质男包','品质男包','品质男包','nanbao',2,1,1,'品质男包',3),(10,1,'奢华珠宝','奢华珠宝','奢华珠宝','zhubao',3,1,1,'奢华珠宝',5),(11,1,'潮流配饰','潮流配饰','潮流配饰','shipin',4,1,1,'潮流配饰',4),(12,8,'单肩/斜跨包','单肩/斜跨包','单肩/斜跨包','a1',1,0,1,'单肩/斜跨包',3),(13,8,'手包/腰包','手包/腰包','手包/腰包','a2',2,1,1,'手包/腰包',3),(14,8,'手提包','手提包','手提包','a3',3,1,1,'手提包',3),(15,9,'单肩/斜跨包','单肩/斜跨包','单肩/斜跨包','a1',1,1,1,'单肩/斜跨包',3),(16,9,'手包/腰包','手包/腰包','手包/腰包','a2',2,1,1,'手包/腰包',3),(17,9,'手提包','手提包','手提包','a3',3,1,1,'手提包',3),(18,10,'水晶','水晶','水晶','a1',1,1,1,'水晶',3),(19,10,'银制','银制','银制','a2',2,1,1,'银制',3),(20,10,'贵金属','贵金属','贵金属','a3',3,1,1,'贵金属',3),(21,11,'手表','手表','手表','a1',1,1,1,'手表',3),(22,11,'眼镜','眼镜','眼镜','a2',2,1,1,'眼镜',3),(23,11,'杂品','杂品','杂品','a3',3,1,1,'杂品',3),(24,2,'上装','上装','上装','shangzhuang',1,1,1,'上装',6),(25,2,'外套','外套','外套','waitao',2,1,1,'外套',6),(26,2,'裤装','裤装','裤装','kuzhuang',3,1,1,'裤装',6),(27,2,'内衣','内衣','内衣','neiyi',4,1,1,'内衣',6),(28,2,'裙装','裙装','裙装','qunzhuang',5,1,1,'裙装',6),(29,2,'羊绒羊毛','羊绒羊毛','羊绒羊毛','yangrong',6,1,1,'羊绒羊毛',6),(30,2,'女装配饰','女装配饰','女装配饰','peishi',7,1,1,'女装配饰',6),(31,24,'T恤/POLO衫','T恤/POLO衫','T恤/POLO衫','a1',1,1,1,'T恤/POLO衫',6),(32,24,'衬衫/雪纺衫','衬衫/雪纺衫','衬衫/雪纺衫','a2',2,1,1,'衬衫/雪纺衫',6),(33,24,'针织衫/毛衣','针织衫/毛衣','针织衫/毛衣','a3',3,1,1,'针织衫/毛衣',6),(34,24,'背心/吊带','背心/吊带','背心/吊带','a4',4,1,1,'背心/吊带',6),(35,24,'马甲','马甲','马甲','a5',5,1,1,'马甲',6),(36,25,'西装','西装','西装','a1',1,1,1,'西装',6),(37,25,'短外套/夹克','短外套/夹克','短外套/夹克','a2',2,1,1,'短外套/夹克',6),(38,25,'卫衣/绒衣','卫衣/绒衣','卫衣/绒衣','a3',3,1,1,'卫衣/绒衣',6),(39,25,'风衣','风衣','风衣','a4',4,1,1,'风衣',6),(40,25,'大衣','大衣','大衣','a5',5,1,1,'大衣',6),(41,25,'羽绒服/棉服','羽绒服/棉服','羽绒服/棉服','a6',6,1,1,'羽绒服/棉服',6),(42,25,' 皮衣皮草',' 皮衣皮草',' 皮衣皮草','a7',7,1,1,' 皮衣皮草',6),(43,26,'牛仔裤','牛仔裤','牛仔裤','a1',1,1,1,'牛仔裤',6),(44,26,'休闲裤/西裤','休闲裤/西裤','休闲裤/西裤','a2',2,1,1,'休闲裤/西裤',6),(45,26,'打底裤','打底裤','打底裤','a3',3,1,1,'打底裤',6),(46,27,'文胸','文胸','文胸','a1',1,1,1,'文胸',6),(47,27,'底裤','底裤','底裤','a2',2,1,1,'底裤',6),(48,27,'塑身','塑身','塑身','a3',3,1,1,'塑身',6),(49,27,'保暖内衣','保暖内衣','保暖内衣','a4',4,1,1,'保暖内衣',6),(50,27,'家居服','家居服','家居服','a5',5,1,1,'家居服',6),(51,27,'睡衣/睡袍/浴袍','睡衣/睡袍/浴袍','睡衣/睡袍/浴袍','a6',6,1,1,'睡衣/睡袍/浴袍',6),(52,28,'连衣裙','连衣裙','连衣裙','a1',1,1,1,'连衣裙',6),(53,28,'半身裙','半身裙','半身裙','a2',2,1,1,'半身裙',6),(54,29,'羊绒/羊毛衫','羊绒/羊毛衫','羊绒/羊毛衫','a1',1,1,1,'羊绒/羊毛衫',6),(55,30,'女袜','女袜','女袜','a2',2,1,1,'女袜',8),(56,30,'腰带','腰带','腰带','a3',3,1,1,'腰带',6),(57,30,'帽子/披肩','帽子/披肩','帽子/披肩','a4',4,1,1,'帽子/披肩',6),(58,3,'上装','上装','上装','shangzhuang',1,1,1,'上装',9),(59,3,'裤装','裤装','裤装','kuzhuang',2,1,1,'裤装',9),(60,3,'外套','外套','外套','waitao',3,1,1,'外套',9),(61,3,'配饰','配饰','配饰','peishi',4,1,1,'配饰',10),(62,3,'内衣','内衣','内衣','neiyi',5,1,1,'内衣',9),(63,58,'长袖衬衫','长袖衬衫','长袖衬衫','a1',1,1,1,'长袖衬衫',9),(64,58,'长袖Polo衫','长袖Polo衫','长袖Polo衫','a2',2,1,1,'长袖Polo衫',9),(65,58,'长袖T恤','长袖T恤','长袖T恤','a3',3,1,1,'长袖T恤',9),(66,58,'卫衣','卫衣','卫衣','a4',4,1,1,'卫衣',9),(67,58,'针织衫','针织衫','针织衫','a5',5,1,1,'针织衫',9),(68,58,'羊毛/羊绒衫','羊毛/羊绒衫','羊毛/羊绒衫','a6',6,1,1,'羊毛/羊绒衫',9),(69,58,'马甲/背心','马甲/背心','马甲/背心','a7',7,1,1,'马甲/背心',9),(70,58,'短袖衬衫','短袖衬衫','短袖衬衫','a8',8,1,1,'短袖衬衫',9),(71,58,'短袖Polo衫','短袖Polo衫','短袖Polo衫','a9',9,1,1,'短袖Polo衫',9),(72,58,'短袖T恤','短袖T恤','短袖T恤','b1',10,1,1,'短袖T恤',9),(73,59,'休闲裤','休闲裤','休闲裤','a1',1,1,1,'休闲裤',9),(74,59,'牛仔裤','牛仔裤','牛仔裤','a2',2,1,1,'牛仔裤',9),(75,59,'西裤','西裤','西裤','a3',3,1,1,'西裤',9),(76,59,'短裤','短裤','短裤','a4',4,1,1,'短裤',9),(77,59,'羊毛/羊绒裤','羊毛/羊绒裤','羊毛/羊绒裤','a5',5,1,1,'羊毛/羊绒裤',9),(78,60,'夹克','夹克','夹克','a1',1,1,1,'夹克',9),(79,60,'风衣','风衣','风衣','a2',2,1,1,'风衣',9),(80,60,'单西装','单西装','单西装','a3',3,1,1,'单西装',9),(81,60,'大衣','大衣','大衣','a4',4,1,1,'大衣',9),(82,60,'棉服','棉服','棉服','a5',5,1,1,'棉服',9),(83,60,'羽绒服','羽绒服','羽绒服','a6',6,1,1,'羽绒服',9),(84,60,'皮衣/皮草','皮衣/皮草','皮衣/皮草','a7',7,1,1,'皮衣/皮草',9),(85,61,'领带/袖扣','领带/袖扣','领带/袖扣','a1',1,1,1,'领带/袖扣',10),(86,61,'腰带','腰带','腰带','a2',2,1,1,'腰带',10),(87,61,'袜子','袜子','袜子','a3',3,1,1,'袜子',8),(88,62,'内裤','内裤','内裤','a1',1,1,1,'内裤',9),(89,62,'内衣','内衣','内衣','a2',2,1,1,'内衣',9),(90,62,'睡衣','睡衣','睡衣','a3',3,1,1,'睡衣',9),(91,62,'家居装','家居装','家居装','a4',4,1,1,'家居装',9),(92,4,'女鞋','女鞋','女鞋','nvxie',1,1,1,'女鞋',13),(93,4,'男鞋','男鞋','男鞋','nanxie',2,1,1,'男鞋',12),(94,4,'女士包袋','女士包袋','女士包袋','baobao1',3,1,1,'女士包袋',11),(95,4,'男士包袋','男士包袋','男士包袋','baobao2',4,1,1,'男士包袋',11),(96,4,'功能箱包','功能箱包','功能箱包','baobao3',5,1,1,'功能箱包',11),(97,5,'黄金','黄金','黄金','huangjin',1,1,1,'黄金',15),(98,5,'钻石','钻石','钻石','zuanshi',2,1,1,'钻石',18),(99,5,'银饰','银饰','银饰','yinshi',3,1,1,'银饰',17),(100,5,'钟表','钟表','钟表','shoubiao',4,1,1,'钟表',14),(101,5,'流行饰品','流行饰品','流行饰品','shipin',5,1,1,'流行饰品',19),(102,5,'眼镜/围巾','眼镜/围巾','眼镜/围巾','yanjing',6,1,1,'眼镜/围巾',16),(103,6,'户外服装','户外服装','户外服装','fuzhuang1',1,1,1,'户外服装',20),(104,6,'户外鞋','户外鞋','户外鞋','xie1',2,1,1,'户外鞋',20),(105,6,'户外包配','户外包配','户外包配','bao1',3,1,1,'户外包配',20),(106,6,'运动鞋','运动鞋','运动鞋','xie2',4,1,1,'运动鞋',20),(107,6,'运动服装','运动服装','运动服装','fuzhuang2',5,1,1,'运动服装',20),(108,6,'运动包','运动包','运动包','bao2',6,1,1,'运动包',20),(109,7,'家纺','家纺','家纺','jiafang',1,1,1,'家纺',21),(110,7,'浴室用品','浴室用品','浴室用品','yushi',2,1,1,'浴室用品',22),(111,7,'生活日用','生活日用','生活日用','riyong',3,1,1,'生活日用',23),(112,92,'靴子','靴子','靴子','a1',1,1,1,'靴子',13),(113,92,'单鞋','单鞋','单鞋','a2',2,1,1,'单鞋',13),(114,92,'凉鞋/拖鞋','凉鞋/拖鞋','凉鞋/拖鞋','a3',3,1,1,'凉鞋/拖鞋',13),(115,93,'商务正装皮鞋','商务正装皮鞋','商务正装皮鞋','a1',1,1,1,'商务正装皮鞋',12),(116,93,'商务休闲皮鞋','商务休闲皮鞋','商务休闲皮鞋','a2',2,1,1,'商务休闲皮鞋',12),(117,93,'日常休闲鞋','日常休闲鞋','日常休闲鞋','a3',3,1,1,'日常休闲鞋',12),(118,93,'靴子','靴子','靴子','a4',4,1,1,'靴子',12),(119,93,'凉鞋/拖鞋','凉鞋/拖鞋','凉鞋/拖鞋','a5',5,1,1,'凉鞋/拖鞋',12),(120,94,'单肩/斜跨包','单肩/斜跨包','单肩/斜跨包','a1',1,1,1,'单肩/斜跨包',11),(121,94,'双肩包','双肩包','双肩包','a2',2,1,1,'双肩包',11),(122,94,'手包/腰包','手包/腰包','手包/腰包','a3',3,1,1,'手包/腰包',11),(123,94,'手提包','手提包','手提包','a4',4,1,1,'手提包',11),(124,94,'钱包/卡包','钱包/卡包','钱包/卡包','a5',5,1,1,'钱包/卡包',11),(125,95,'单肩/斜跨包','单肩/斜跨包','单肩/斜跨包','a1',1,1,1,'单肩/斜跨包',11),(126,95,'双肩包','双肩包','双肩包','a2',2,1,1,'双肩包',11),(127,95,'手包/腰包','手包/腰包','手包/腰包','a3',3,1,1,'手包/腰包',11),(128,95,'手提包','手提包','手提包','a4',4,1,1,'手提包',11),(129,95,'钱包/卡包','钱包/卡包','钱包/卡包','a5',5,1,1,'钱包/卡包',11),(132,96,'旅行箱','旅行箱','旅行箱','a1',1,1,1,'旅行箱',11),(133,96,'电脑包','电脑包','电脑包','a2',2,1,1,'电脑包',11),(134,97,'耳饰','耳饰','耳饰','a1',1,1,1,'耳饰',15),(135,97,'项链','项链','项链','a2',2,1,1,'项链',15),(136,97,'戒指','戒指','戒指','a3',3,1,1,'戒指',15),(137,98,'耳饰','耳饰','耳饰','a1',1,1,1,'耳饰',18),(138,98,'项链','项链','项链','a2',2,1,1,'项链',18),(139,98,'戒指','戒指','戒指','a3',3,1,1,'戒指',18),(140,98,'手链','手链','手链','a4',4,1,1,'手链',18),(141,99,'耳饰','耳饰','耳饰','a1',1,1,1,'耳饰',17),(142,99,'项链','项链','项链','a2',2,1,1,'项链',17),(143,99,'戒指','戒指','戒指','a3',3,1,1,'戒指',17),(144,99,'手链/手镯','手链/手镯','手链/手镯','a4',4,1,1,'手链/手镯',17),(145,99,'胸针/发饰','胸针/发饰','胸针/发饰','a5',5,1,1,'胸针/发饰',17),(146,99,'银饰套装','银饰套装','银饰套装','a6',6,1,1,'银饰套装',17),(147,100,'男士手表','男士手表','男士手表','a1',1,1,1,'男士手表',14),(148,100,'女士手表','女士手表','女士手表','a2',2,1,1,'女士手表',14),(149,100,'中性手表','中性手表','中性手表','a3',3,1,1,'中性手表',14),(150,101,'耳饰','耳饰','耳饰','a1',1,1,1,'耳饰',19),(151,101,'项链','项链','项链','a2',2,1,1,'项链',19),(152,101,'戒指','戒指','戒指','a3',3,1,1,'戒指',19),(153,101,'手链/手镯','手链/手镯','手链/手镯','a4',4,1,1,'手链/手镯',19),(154,101,'胸针/发饰','胸针/发饰','胸针/发饰','a5',5,1,1,'胸针/发饰',19),(157,101,'首饰套装','首饰套装','首饰套装','a6',6,1,1,'首饰套装',19),(158,101,'金银摆件','金银摆件','金银摆件','a7',7,1,1,'金银摆件',19),(159,101,'玉石翡翠','玉石翡翠','玉石翡翠','a8',8,1,1,'玉石翡翠',19),(160,101,'玉石摆件','玉石摆件','玉石摆件','a9',9,1,1,'玉石摆件',19),(164,102,'太阳镜','太阳镜','太阳镜','a1',1,1,1,'太阳镜',16),(165,102,'镜框','镜框','镜框','a2',2,1,1,'镜框',16),(166,102,'围巾','围巾','围巾','a3',3,1,1,'围巾',16),(167,103,'冲锋衣','冲锋衣','冲锋衣','a1',1,1,1,'冲锋衣',20),(168,103,'抓绒衣','抓绒衣','抓绒衣','a2',2,1,1,'抓绒衣',20),(169,103,'户外裤','户外裤','户外裤','a3',3,1,1,'户外裤',20),(170,103,'衬衫/速干衣','衬衫/速干衣','衬衫/速干衣','a4',4,1,1,'衬衫/速干衣',20),(171,103,'T恤/Polo衫','T恤/Polo衫','T恤/Polo衫','a5',5,1,1,'T恤/Polo衫',20),(172,103,'羽绒服','羽绒服','羽绒服','a6',6,1,1,'羽绒服',20),(174,104,'徒步鞋','徒步鞋','徒步鞋','a1',1,1,1,'徒步鞋',20),(175,104,'登山鞋','登山鞋','登山鞋','a2',2,1,1,'登山鞋',20),(176,104,'越野鞋','越野鞋','越野鞋','a3',3,1,1,'越野鞋',20),(177,104,'两栖鞋/朔溪鞋','两栖鞋/朔溪鞋','两栖鞋/朔溪鞋','a4',4,1,1,'两栖鞋/朔溪鞋',20),(178,104,'休闲鞋','休闲鞋','休闲鞋','a5',5,1,1,'休闲鞋',20),(179,104,'凉拖鞋','凉拖鞋','凉拖鞋','a6',6,1,1,'凉拖鞋',20),(181,105,'登山包','登山包','登山包','a1',1,1,1,'登山包',20),(182,105,'腰包','腰包','腰包','a2',2,1,1,'腰包',20),(183,105,'挎包','挎包','挎包','a3',3,1,1,'挎包',20),(184,105,'帐篷/睡袋','帐篷/睡袋','帐篷/睡袋','a4',4,1,1,'帐篷/睡袋',20),(185,105,'绳杖配件','绳杖配件','绳杖配件','a5',5,1,1,'绳杖配件',20),(186,105,'帽子/头盔','帽子/头盔','帽子/头盔','a6',6,1,1,'帽子/头盔',20),(188,105,'腰带/围巾/手套','腰带/围巾/手套','腰带/围巾/手套','a7',7,1,1,'腰带/围巾/手套',20),(189,105,'水具','水具','水具','a8',8,1,1,'水具',20),(190,105,'野营/野炊','野营/野炊','野营/野炊','a9',9,1,1,'野营/野炊',20),(191,106,'帆布鞋','帆布鞋','帆布鞋','a1',1,1,1,'帆布鞋',20),(192,106,'板鞋','板鞋','板鞋','a2',2,1,1,'板鞋',20),(193,106,'休闲鞋','休闲鞋','休闲鞋','a3',3,1,1,'休闲鞋',20),(194,106,'跑步鞋','跑步鞋','跑步鞋','a4',4,1,1,'跑步鞋',20),(195,106,'篮球鞋','篮球鞋','篮球鞋','a5',5,1,1,'篮球鞋',20),(196,106,'训练鞋','训练鞋','训练鞋','a6',6,1,1,'训练鞋',20),(197,106,'户外鞋','户外鞋','户外鞋','a7',7,1,1,'户外鞋',20),(198,106,'网球鞋','网球鞋','网球鞋','a8',8,1,1,'网球鞋',20),(199,106,'凉拖','凉拖','凉拖','a9',9,1,1,'凉拖',20),(206,106,'足球鞋','足球鞋','足球鞋','b1',10,1,1,'足球鞋',20),(207,106,'其他运动鞋','其他运动鞋','其他运动鞋','b2',11,1,1,'其他运动鞋',20),(209,107,'夹克','夹克','夹克','a1',1,1,1,'夹克',20),(210,107,'卫衣','卫衣','卫衣','a2',2,1,1,'卫衣',20),(211,107,'长裤','长裤','长裤','a3',3,1,1,'长裤',20),(212,107,'背心','背心','背心','a4',4,1,1,'背心',20),(213,107,'毛衣','毛衣','毛衣','a5',5,1,1,'毛衣',20),(214,107,'棉服/羽绒服','棉服/羽绒服','棉服/羽绒服','a6',6,1,1,'棉服/羽绒服',20),(215,107,'T恤/Polo衫','T恤/Polo衫','T恤/Polo衫','a7',7,1,1,'T恤/Polo衫',20),(216,107,'短裤/中裤','短裤/中裤','短裤/中裤','a8',8,1,1,'短裤/中裤',20),(217,107,'泳装','泳装','泳装','a9',9,1,1,'泳装',20),(224,108,'双肩包','双肩包','双肩包','a1',1,1,1,'双肩包',20),(225,108,'单肩/手提/挎包','单肩/手提/挎包','单肩/手提/挎包','a2',2,1,1,'单肩/手提/挎包',20),(226,108,'钱包','钱包','钱包','a3',3,1,1,'钱包',20),(227,108,'旅行箱包','旅行箱包','旅行箱包','a4',4,1,1,'旅行箱包',20),(231,109,'件套','件套','件套','a1',1,1,1,'件套',21),(232,109,'被芯','被芯','被芯','a2',2,1,1,'被芯',21),(233,109,'枕芯','枕芯','枕芯','a3',3,1,1,'枕芯',21),(234,109,'毯子','毯子','毯子','a4',4,1,1,'毯子',21),(238,110,'毛巾','毛巾','毛巾','a1',1,1,1,'毛巾',22),(239,110,'浴巾','浴巾','浴巾','a2',2,1,1,'浴巾',22),(240,110,'浴衣/浴袍','浴衣/浴袍','浴衣/浴袍','a3',3,1,1,'浴衣/浴袍',22),(241,110,'杂件','杂件','杂件','a4',4,1,1,'杂件',22),(245,111,'靠垫/抱枕','靠垫/抱枕','靠垫/抱枕','a1',1,1,1,'靠垫/抱枕',23),(246,111,'桌布/沙发布艺','桌布/沙发布艺','桌布/沙发布艺','a2',2,1,1,'桌布/沙发布艺',23),(247,111,'摆件/挂件','摆件/挂件','摆件/挂件','a3',3,1,1,'摆件/挂件',23),(248,111,'收纳用品','收纳用品','收纳用品','a4',4,1,1,'收纳用品',23),(249,111,'雨伞/雨具','雨伞/雨具','雨伞/雨具','a5',5,1,1,'雨伞/雨具',23),(250,111,'水杯/茶具','水杯/茶具','水杯/茶具','a6',6,1,1,'水杯/茶具',23),(251,111,'创意家饰','创意家饰','创意家饰','a7',7,1,1,'创意家饰',23),(252,111,'杂品','杂品','杂品','a8',8,1,1,'杂品',23);
/*!40000 ALTER TABLE `lee_category` ENABLE KEYS */;
UNLOCK TABLES;

--
-- Table structure for table `lee_goods`
--

DROP TABLE IF EXISTS `lee_goods`;
/*!40101 SET @saved_cs_client     = @@character_set_client */;
/*!40101 SET character_set_client = utf8 */;
CREATE TABLE `lee_goods` (
  `gid` int(10) unsigned NOT NULL AUTO_INCREMENT,
  `main_title` char(30) NOT NULL DEFAULT '' COMMENT '主标题',
  `sub_title` char(60) NOT NULL DEFAULT '' COMMENT '副标题',
  `price` decimal(7,2) unsigned NOT NULL DEFAULT '0.00' COMMENT '售价',
  `old_price` decimal(7,2) unsigned NOT NULL DEFAULT '0.00' COMMENT '市场价',
  `num` int(10) unsigned NOT NULL DEFAULT '0' COMMENT '库存',
  `cid` smallint(5) unsigned NOT NULL DEFAULT '0' COMMENT '商品分类id',
  `addtime` int(10) unsigned NOT NULL DEFAULT '0',
  `update_time` datetime NOT NULL DEFAULT '0000-00-00 00:00:00',
  `buy` smallint(5) unsigned NOT NULL DEFAULT '0',
  PRIMARY KEY (`gid`)
) ENGINE=InnoDB AUTO_INCREMENT=43 DEFAULT CHARSET=utf8;
/*!40101 SET character_set_client = @saved_cs_client */;

--
-- Dumping data for table `lee_goods`
--

LOCK TABLES `lee_goods` WRITE;
/*!40000 ALTER TABLE `lee_goods` DISABLE KEYS */;
INSERT INTO `lee_goods` VALUES (29,'鄂尔多斯 女士小翻领T恤 122花灰 160AA','',767.00,958.00,100,31,1386743618,'2013-12-11 14:12:33',0),(30,'Fairy Fair 可爱蝙蝠袖亮片印花T恤 柠檬黄 S','',235.00,780.00,100,31,1386743798,'2013-12-11 14:12:36',0),(31,'emely sweetie 女士甜美俏皮两片桃心T恤 白杏','',93.00,428.00,100,31,1386743969,'2013-12-11 14:12:39',0),(32,'GOGIRL 民族风微喇下摆上衣 花色 XS','',358.00,598.00,100,31,1386744152,'2013-12-11 14:12:42',0),(33,'emely sweetie 女士简约亮片圆领套头衫 灰色 3','',139.00,398.00,100,31,1386744489,'2013-12-11 14:12:48',0),(34,'帝尔芬 蕾丝纯色圆领打底衫 黑色 S','',99.00,239.00,100,31,1386745164,'2013-12-11 14:12:59',0),(41,'Fairy Fair 简约基本款高领上衣 绿 L','',179.00,598.00,100,31,1386753682,'2013-12-11 17:12:21',0),(42,'Fairy Fair 异形插肩泡袖针织衫 漂白 L','',255.00,580.00,100,31,1386753947,'2013-12-11 17:12:25',0);
/*!40000 ALTER TABLE `lee_goods` ENABLE KEYS */;
UNLOCK TABLES;

--
-- Table structure for table `lee_goods_detail`
--

DROP TABLE IF EXISTS `lee_goods_detail`;
/*!40101 SET @saved_cs_client     = @@character_set_client */;
/*!40101 SET character_set_client = utf8 */;
CREATE TABLE `lee_goods_detail` (
  `gid` int(10) unsigned NOT NULL,
  `g_keywords` varchar(120) NOT NULL DEFAULT '' COMMENT '商品关键字',
  `g_description` varchar(255) NOT NULL DEFAULT '' COMMENT '商品描述',
  `goods_detail` text COMMENT '商品正文'
) ENGINE=InnoDB DEFAULT CHARSET=utf8;
/*!40101 SET character_set_client = @saved_cs_client */;

--
-- Dumping data for table `lee_goods_detail`
--

LOCK TABLES `lee_goods_detail` WRITE;
/*!40000 ALTER TABLE `lee_goods_detail` DISABLE KEYS */;
INSERT INTO `lee_goods_detail` VALUES (29,'鄂尔多斯 女士小翻领T恤 122花灰 160AA','鄂尔多斯 女士小翻领T恤 122花灰 160AA','<p>鄂尔多斯 女士小翻领T恤 122花灰 160AA鄂尔多斯 女士小翻领T恤 122花灰 160AA鄂尔多斯 女士小翻领T恤 122花灰 160AA鄂尔多斯 女士小翻领T恤 122花灰 160AA鄂尔多斯 女士小翻领T恤 122花灰 160AA</p>'),(30,'Fairy Fair 可爱蝙蝠袖亮片印花T恤 柠檬黄 S','Fairy Fair 可爱蝙蝠袖亮片印花T恤 柠檬黄 S','<p>Fairy Fair 可爱蝙蝠袖亮片印花T恤 柠檬黄 SFairy Fair 可爱蝙蝠袖亮片印花T恤 柠檬黄 SFairy Fair 可爱蝙蝠袖亮片印花T恤 柠檬黄 SFairy Fair 可爱蝙蝠袖亮片印花T恤 柠檬黄 SFairy Fair 可爱蝙蝠袖亮片印花T恤 柠檬黄 SFairy Fair 可爱蝙蝠袖亮片印花T恤 柠檬黄 S</p>'),(31,'emely sweetie 女士甜美俏皮两片桃心T恤 白杏 36','emely sweetie 女士甜美俏皮两片桃心T恤 白杏 36','<p>emely sweetie 女士甜美俏皮两片桃心T恤 白杏 36emely sweetie 女士甜美俏皮两片桃心T恤 白杏 36emely sweetie 女士甜美俏皮两片桃心T恤 白杏 36emely sweetie 女士甜美俏皮两片桃心T恤 白杏 36emely sweetie 女士甜美俏皮两片桃心T恤 白杏 36</p>'),(32,'GOGIRL 民族风微喇下摆上衣 花色 XS','GOGIRL 民族风微喇下摆上衣 花色 XS','<p>GOGIRL 民族风微喇下摆上衣 花色 XSGOGIRL 民族风微喇下摆上衣 花色 XSGOGIRL 民族风微喇下摆上衣 花色 XSGOGIRL 民族风微喇下摆上衣 花色 XSGOGIRL 民族风微喇下摆上衣 花色 XS</p>'),(33,'emely sweetie 女士简约亮片圆领套头衫 灰色 34','emely sweetie 女士简约亮片圆领套头衫 灰色 34','<p>emely sweetie 女士简约亮片圆领套头衫 灰色 34emely sweetie 女士简约亮片圆领套头衫 灰色 34emely sweetie 女士简约亮片圆领套头衫 灰色 34emely sweetie 女士简约亮片圆领套头衫 灰色 34emely sweetie 女士简约亮片圆领套头衫 灰色 34</p>'),(34,'帝尔芬 蕾丝纯色圆领打底衫 黑色 S','帝尔芬 蕾丝纯色圆领打底衫 黑色 S','<p>帝尔芬 蕾丝纯色圆领打底衫 黑色 S帝尔芬 蕾丝纯色圆领打底衫 黑色 S帝尔芬 蕾丝纯色圆领打底衫 黑色 S帝尔芬 蕾丝纯色圆领打底衫 黑色 S</p>'),(41,'Fairy Fair 简约基本款高领上衣 绿 L','Fairy Fair 简约基本款高领上衣 绿 L','<p>Fairy Fair 简约基本款高领上衣 绿 LFairy Fair 简约基本款高领上衣 绿 LFairy Fair 简约基本款高领上衣 绿 LFairy Fair 简约基本款高领上衣 绿 LFairy Fair 简约基本款高领上衣 绿 L</p>'),(42,'Fairy Fair 异形插肩泡袖针织衫 漂白 L','Fairy Fair 异形插肩泡袖针织衫 漂白 L','<p>Fairy Fair 异形插肩泡袖针织衫 漂白 LFairy Fair 异形插肩泡袖针织衫 漂白 LFairy Fair 异形插肩泡袖针织衫 漂白 LFairy Fair 异形插肩泡袖针织衫 漂白 LFairy Fair 异形插肩泡袖针织衫 漂白 L</p>');
/*!40000 ALTER TABLE `lee_goods_detail` ENABLE KEYS */;
UNLOCK TABLES;

--
-- Table structure for table `lee_goods_img`
--

DROP TABLE IF EXISTS `lee_goods_img`;
/*!40101 SET @saved_cs_client     = @@character_set_client */;
/*!40101 SET character_set_client = utf8 */;
CREATE TABLE `lee_goods_img` (
  `img_id` int(10) unsigned NOT NULL AUTO_INCREMENT,
  `gid` int(11) unsigned NOT NULL DEFAULT '0',
  `s_img` varchar(160) NOT NULL DEFAULT '''''',
  `m_img` varchar(160) NOT NULL DEFAULT '''''',
  `b_img` varchar(160) NOT NULL DEFAULT '''''',
  `y_img` varchar(160) NOT NULL DEFAULT '''''' COMMENT '原图',
  PRIMARY KEY (`img_id`)
) ENGINE=InnoDB AUTO_INCREMENT=82 DEFAULT CHARSET=utf8;
/*!40101 SET character_set_client = @saved_cs_client */;

--
-- Dumping data for table `lee_goods_img`
--

LOCK TABLES `lee_goods_img` WRITE;
/*!40000 ALTER TABLE `lee_goods_img` DISABLE KEYS */;
INSERT INTO `lee_goods_img` VALUES (37,29,'/upload/201312/19521386743593/19521386743593_60x60.jpg','/upload/201312/19521386743593/19521386743593_220x220.jpg','/upload/201312/19521386743593/19521386743593_460x460.jpg','/upload/201312/19521386743593/19521386743593_1000x1000.jpg'),(38,29,'/upload/201312/69991386743593/69991386743593_60x60.jpg','/upload/201312/69991386743593/69991386743593_220x220.jpg','/upload/201312/69991386743593/69991386743593_460x460.jpg','/upload/201312/69991386743593/69991386743593_1000x1000.jpg'),(39,29,'/upload/201312/27991386743594/27991386743594_60x60.jpg','/upload/201312/27991386743594/27991386743594_220x220.jpg','/upload/201312/27991386743594/27991386743594_460x460.jpg','/upload/201312/27991386743594/27991386743594_1000x1000.jpg'),(40,29,'/upload/201312/23181386743594/23181386743594_60x60.jpg','/upload/201312/23181386743594/23181386743594_220x220.jpg','/upload/201312/23181386743594/23181386743594_460x460.jpg','/upload/201312/23181386743594/23181386743594_1000x1000.jpg'),(41,29,'/upload/201312/19401386743594/19401386743594_60x60.jpg','/upload/201312/19401386743594/19401386743594_220x220.jpg','/upload/201312/19401386743594/19401386743594_460x460.jpg','/upload/201312/19401386743594/19401386743594_1000x1000.jpg'),(42,29,'/upload/201312/80141386743594/80141386743594_60x60.jpg','/upload/201312/80141386743594/80141386743594_220x220.jpg','/upload/201312/80141386743594/80141386743594_460x460.jpg','/upload/201312/80141386743594/80141386743594_1000x1000.jpg'),(43,30,'/upload/201312/34201386743784/34201386743784_60x60.jpg','/upload/201312/34201386743784/34201386743784_220x220.jpg','/upload/201312/34201386743784/34201386743784_460x460.jpg','/upload/201312/34201386743784/34201386743784_1000x1000.jpg'),(44,30,'/upload/201312/78931386743784/78931386743784_60x60.jpg','/upload/201312/78931386743784/78931386743784_220x220.jpg','/upload/201312/78931386743784/78931386743784_460x460.jpg','/upload/201312/78931386743784/78931386743784_1000x1000.jpg'),(45,30,'/upload/201312/90011386743784/90011386743784_60x60.jpg','/upload/201312/90011386743784/90011386743784_220x220.jpg','/upload/201312/90011386743784/90011386743784_460x460.jpg','/upload/201312/90011386743784/90011386743784_1000x1000.jpg'),(46,30,'/upload/201312/53861386743784/53861386743784_60x60.jpg','/upload/201312/53861386743784/53861386743784_220x220.jpg','/upload/201312/53861386743784/53861386743784_460x460.jpg','/upload/201312/53861386743784/53861386743784_1000x1000.jpg'),(47,30,'/upload/201312/80951386743784/80951386743784_60x60.jpg','/upload/201312/80951386743784/80951386743784_220x220.jpg','/upload/201312/80951386743784/80951386743784_460x460.jpg','/upload/201312/80951386743784/80951386743784_1000x1000.jpg'),(48,30,'/upload/201312/44961386743785/44961386743785_60x60.jpg','/upload/201312/44961386743785/44961386743785_220x220.jpg','/upload/201312/44961386743785/44961386743785_460x460.jpg','/upload/201312/44961386743785/44961386743785_1000x1000.jpg'),(49,31,'/upload/201312/87141386743941/87141386743941_60x60.jpg','/upload/201312/87141386743941/87141386743941_220x220.jpg','/upload/201312/87141386743941/87141386743941_460x460.jpg','/upload/201312/87141386743941/87141386743941_1000x1000.jpg'),(50,31,'/upload/201312/11571386743941/11571386743941_60x60.jpg','/upload/201312/11571386743941/11571386743941_220x220.jpg','/upload/201312/11571386743941/11571386743941_460x460.jpg','/upload/201312/11571386743941/11571386743941_1000x1000.jpg'),(51,31,'/upload/201312/87911386743941/87911386743941_60x60.jpg','/upload/201312/87911386743941/87911386743941_220x220.jpg','/upload/201312/87911386743941/87911386743941_460x460.jpg','/upload/201312/87911386743941/87911386743941_1000x1000.jpg'),(52,31,'/upload/201312/54931386743941/54931386743941_60x60.jpg','/upload/201312/54931386743941/54931386743941_220x220.jpg','/upload/201312/54931386743941/54931386743941_460x460.jpg','/upload/201312/54931386743941/54931386743941_1000x1000.jpg'),(53,31,'/upload/201312/88321386743954/88321386743954_60x60.jpg','/upload/201312/88321386743954/88321386743954_220x220.jpg','/upload/201312/88321386743954/88321386743954_460x460.jpg','/upload/201312/88321386743954/88321386743954_1000x1000.jpg'),(54,32,'/upload/201312/61031386744141/61031386744141_60x60.jpg','/upload/201312/61031386744141/61031386744141_220x220.jpg','/upload/201312/61031386744141/61031386744141_460x460.jpg','/upload/201312/61031386744141/61031386744141_1000x1000.jpg'),(55,32,'/upload/201312/11741386744141/11741386744141_60x60.jpg','/upload/201312/11741386744141/11741386744141_220x220.jpg','/upload/201312/11741386744141/11741386744141_460x460.jpg','/upload/201312/11741386744141/11741386744141_1000x1000.jpg'),(56,32,'/upload/201312/42531386744141/42531386744141_60x60.jpg','/upload/201312/42531386744141/42531386744141_220x220.jpg','/upload/201312/42531386744141/42531386744141_460x460.jpg','/upload/201312/42531386744141/42531386744141_1000x1000.jpg'),(57,32,'/upload/201312/70521386744141/70521386744141_60x60.jpg','/upload/201312/70521386744141/70521386744141_220x220.jpg','/upload/201312/70521386744141/70521386744141_460x460.jpg','/upload/201312/70521386744141/70521386744141_1000x1000.jpg'),(58,32,'/upload/201312/18481386744141/18481386744141_60x60.jpg','/upload/201312/18481386744141/18481386744141_220x220.jpg','/upload/201312/18481386744141/18481386744141_460x460.jpg','/upload/201312/18481386744141/18481386744141_1000x1000.jpg'),(59,33,'/upload/201312/16631386744479/16631386744479_60x60.jpg','/upload/201312/16631386744479/16631386744479_220x220.jpg','/upload/201312/16631386744479/16631386744479_460x460.jpg','/upload/201312/16631386744479/16631386744479_1000x1000.jpg'),(60,33,'/upload/201312/71511386744479/71511386744479_60x60.jpg','/upload/201312/71511386744479/71511386744479_220x220.jpg','/upload/201312/71511386744479/71511386744479_460x460.jpg','/upload/201312/71511386744479/71511386744479_1000x1000.jpg'),(61,33,'/upload/201312/16121386744479/16121386744479_60x60.jpg','/upload/201312/16121386744479/16121386744479_220x220.jpg','/upload/201312/16121386744479/16121386744479_460x460.jpg','/upload/201312/16121386744479/16121386744479_1000x1000.jpg'),(62,33,'/upload/201312/57601386744479/57601386744479_60x60.jpg','/upload/201312/57601386744479/57601386744479_220x220.jpg','/upload/201312/57601386744479/57601386744479_460x460.jpg','/upload/201312/57601386744479/57601386744479_1000x1000.jpg'),(63,33,'/upload/201312/86761386744479/86761386744479_60x60.jpg','/upload/201312/86761386744479/86761386744479_220x220.jpg','/upload/201312/86761386744479/86761386744479_460x460.jpg','/upload/201312/86761386744479/86761386744479_1000x1000.jpg'),(64,34,'/upload/201312/20191386745153/20191386745153_60x60.jpg','/upload/201312/20191386745153/20191386745153_220x220.jpg','/upload/201312/20191386745153/20191386745153_460x460.jpg','/upload/201312/20191386745153/20191386745153_1000x1000.jpg'),(65,34,'/upload/201312/66891386745153/66891386745153_60x60.jpg','/upload/201312/66891386745153/66891386745153_220x220.jpg','/upload/201312/66891386745153/66891386745153_460x460.jpg','/upload/201312/66891386745153/66891386745153_1000x1000.jpg'),(66,34,'/upload/201312/16661386745153/16661386745153_60x60.jpg','/upload/201312/16661386745153/16661386745153_220x220.jpg','/upload/201312/16661386745153/16661386745153_460x460.jpg','/upload/201312/16661386745153/16661386745153_1000x1000.jpg'),(67,34,'/upload/201312/56281386745153/56281386745153_60x60.jpg','/upload/201312/56281386745153/56281386745153_220x220.jpg','/upload/201312/56281386745153/56281386745153_460x460.jpg','/upload/201312/56281386745153/56281386745153_1000x1000.jpg'),(68,34,'/upload/201312/8461386745153/8461386745153_60x60.jpg','/upload/201312/8461386745153/8461386745153_220x220.jpg','/upload/201312/8461386745153/8461386745153_460x460.jpg','/upload/201312/8461386745153/8461386745153_1000x1000.jpg'),(69,34,'/upload/201312/38191386745153/38191386745153_60x60.jpg','/upload/201312/38191386745153/38191386745153_220x220.jpg','/upload/201312/38191386745153/38191386745153_460x460.jpg','/upload/201312/38191386745153/38191386745153_1000x1000.jpg'),(70,41,'/upload/201312/5941386753671/5941386753671_60x60.jpg','/upload/201312/5941386753671/5941386753671_220x220.jpg','/upload/201312/5941386753671/5941386753671_460x460.jpg','/upload/201312/5941386753671/5941386753671_1000x1000.jpg'),(71,41,'/upload/201312/28521386753671/28521386753671_60x60.jpg','/upload/201312/28521386753671/28521386753671_220x220.jpg','/upload/201312/28521386753671/28521386753671_460x460.jpg','/upload/201312/28521386753671/28521386753671_1000x1000.jpg'),(72,41,'/upload/201312/7361386753671/7361386753671_60x60.jpg','/upload/201312/7361386753671/7361386753671_220x220.jpg','/upload/201312/7361386753671/7361386753671_460x460.jpg','/upload/201312/7361386753671/7361386753671_1000x1000.jpg'),(73,41,'/upload/201312/60661386753672/60661386753672_60x60.jpg','/upload/201312/60661386753672/60661386753672_220x220.jpg','/upload/201312/60661386753672/60661386753672_460x460.jpg','/upload/201312/60661386753672/60661386753672_1000x1000.jpg'),(74,41,'/upload/201312/16941386753672/16941386753672_60x60.jpg','/upload/201312/16941386753672/16941386753672_220x220.jpg','/upload/201312/16941386753672/16941386753672_460x460.jpg','/upload/201312/16941386753672/16941386753672_1000x1000.jpg'),(75,41,'/upload/201312/49101386753672/49101386753672_60x60.jpg','/upload/201312/49101386753672/49101386753672_220x220.jpg','/upload/201312/49101386753672/49101386753672_460x460.jpg','/upload/201312/49101386753672/49101386753672_1000x1000.jpg'),(76,42,'/upload/201312/49991386753938/49991386753938_60x60.jpg','/upload/201312/49991386753938/49991386753938_220x220.jpg','/upload/201312/49991386753938/49991386753938_460x460.jpg','/upload/201312/49991386753938/49991386753938_1000x1000.jpg'),(77,42,'/upload/201312/4261386753939/4261386753939_60x60.jpg','/upload/201312/4261386753939/4261386753939_220x220.jpg','/upload/201312/4261386753939/4261386753939_460x460.jpg','/upload/201312/4261386753939/4261386753939_1000x1000.jpg'),(78,42,'/upload/201312/33301386753939/33301386753939_60x60.jpg','/upload/201312/33301386753939/33301386753939_220x220.jpg','/upload/201312/33301386753939/33301386753939_460x460.jpg','/upload/201312/33301386753939/33301386753939_1000x1000.jpg'),(79,42,'/upload/201312/63331386753939/63331386753939_60x60.jpg','/upload/201312/63331386753939/63331386753939_220x220.jpg','/upload/201312/63331386753939/63331386753939_460x460.jpg','/upload/201312/63331386753939/63331386753939_1000x1000.jpg'),(80,42,'/upload/201312/17081386753939/17081386753939_60x60.jpg','/upload/201312/17081386753939/17081386753939_220x220.jpg','/upload/201312/17081386753939/17081386753939_460x460.jpg','/upload/201312/17081386753939/17081386753939_1000x1000.jpg'),(81,42,'/upload/201312/93451386753939/93451386753939_60x60.jpg','/upload/201312/93451386753939/93451386753939_220x220.jpg','/upload/201312/93451386753939/93451386753939_460x460.jpg','/upload/201312/93451386753939/93451386753939_1000x1000.jpg');
/*!40000 ALTER TABLE `lee_goods_img` ENABLE KEYS */;
UNLOCK TABLES;

--
-- Table structure for table `lee_nav`
--

DROP TABLE IF EXISTS `lee_nav`;
/*!40101 SET @saved_cs_client     = @@character_set_client */;
/*!40101 SET character_set_client = utf8 */;
CREATE TABLE `lee_nav` (
  `nid` smallint(5) unsigned NOT NULL AUTO_INCREMENT,
  `n_title` char(20) NOT NULL DEFAULT '' COMMENT '导航标题',
  `url` varchar(120) NOT NULL DEFAULT '' COMMENT '链接地址',
  `open_new` tinyint(3) unsigned NOT NULL DEFAULT '0' COMMENT '是否在新窗口打开，默认为0 是',
  `is_show` tinyint(3) unsigned NOT NULL DEFAULT '0' COMMENT '是否展示 默认为0 是',
  `sort` smallint(5) unsigned NOT NULL DEFAULT '0' COMMENT '排序',
  `site` tinyint(3) unsigned NOT NULL DEFAULT '1' COMMENT '显示位置，1为顶部导航，2为中间导航，3为底部导航',
  PRIMARY KEY (`nid`),
  UNIQUE KEY `nid_UNIQUE` (`nid`)
) ENGINE=InnoDB AUTO_INCREMENT=16 DEFAULT CHARSET=utf8;
/*!40101 SET character_set_client = @saved_cs_client */;

--
-- Dumping data for table `lee_nav`
--

LOCK TABLES `lee_nav` WRITE;
/*!40000 ALTER TABLE `lee_nav` DISABLE KEYS */;
INSERT INTO `lee_nav` VALUES (1,'购物指南','#',1,1,1,2),(2,'关于我们','#',1,1,1,3),(4,'配送方式','#',1,1,2,2),(5,'人才招聘','#',1,1,2,3),(6,'如何付款','#',1,1,3,2),(7,'售后服务','#',1,1,4,2),(8,'商务合作','#',1,1,3,3),(9,'公共关系','#',1,1,4,3),(10,'品牌招商','#',1,1,5,3),(11,'媒体合作','#',1,1,6,3),(12,'法律声明','#',1,1,7,3),(13,'友情链接','#',1,1,8,3),(14,'帮助中心','#',1,1,9,3),(15,'联系我们','#',1,1,10,3);
/*!40000 ALTER TABLE `lee_nav` ENABLE KEYS */;
UNLOCK TABLES;

--
-- Table structure for table `lee_order_address`
--

DROP TABLE IF EXISTS `lee_order_address`;
/*!40101 SET @saved_cs_client     = @@character_set_client */;
/*!40101 SET character_set_client = utf8 */;
CREATE TABLE `lee_order_address` (
  `address_id` smallint(5) unsigned NOT NULL AUTO_INCREMENT,
  `consignee` char(20) NOT NULL DEFAULT '',
  `city` char(20) NOT NULL DEFAULT '',
  `province` char(12) NOT NULL DEFAULT '',
  `county` char(12) NOT NULL DEFAULT '',
  `street` varchar(120) NOT NULL DEFAULT '',
  `phone` char(11) NOT NULL DEFAULT '',
  `tel` char(12) NOT NULL DEFAULT '',
  `zipcode` char(6) NOT NULL DEFAULT '',
  PRIMARY KEY (`address_id`)
) ENGINE=InnoDB DEFAULT CHARSET=utf8;
/*!40101 SET character_set_client = @saved_cs_client */;

--
-- Dumping data for table `lee_order_address`
--

LOCK TABLES `lee_order_address` WRITE;
/*!40000 ALTER TABLE `lee_order_address` DISABLE KEYS */;
/*!40000 ALTER TABLE `lee_order_address` ENABLE KEYS */;
UNLOCK TABLES;

--
-- Table structure for table `lee_orders`
--

DROP TABLE IF EXISTS `lee_orders`;
/*!40101 SET @saved_cs_client     = @@character_set_client */;
/*!40101 SET character_set_client = utf8 */;
CREATE TABLE `lee_orders` (
  `order_id` int(10) unsigned NOT NULL AUTO_INCREMENT COMMENT '订单id',
  `uid` int(10) unsigned NOT NULL DEFAULT '0' COMMENT '用户id',
  `gid` int(10) unsigned NOT NULL DEFAULT '0' COMMENT '商品id',
  `order_status` tinyint(3) unsigned NOT NULL DEFAULT '0' COMMENT '订单状态，默认为0，为未付款。',
  `goods_num` smallint(5) unsigned NOT NULL DEFAULT '0' COMMENT '商品数量',
  `single_time` int(11) unsigned NOT NULL DEFAULT '0' COMMENT '下单时间',
  `address_id` smallint(5) unsigned NOT NULL DEFAULT '0' COMMENT '地址id',
  PRIMARY KEY (`order_id`)
) ENGINE=InnoDB DEFAULT CHARSET=utf8;
/*!40101 SET character_set_client = @saved_cs_client */;

--
-- Dumping data for table `lee_orders`
--

LOCK TABLES `lee_orders` WRITE;
/*!40000 ALTER TABLE `lee_orders` DISABLE KEYS */;
/*!40000 ALTER TABLE `lee_orders` ENABLE KEYS */;
UNLOCK TABLES;

--
-- Table structure for table `lee_showgoods`
--

DROP TABLE IF EXISTS `lee_showgoods`;
/*!40101 SET @saved_cs_client     = @@character_set_client */;
/*!40101 SET character_set_client = utf8 */;
CREATE TABLE `lee_showgoods` (
  `id` smallint(5) unsigned NOT NULL AUTO_INCREMENT,
  `img` varchar(120) NOT NULL DEFAULT '''''',
  `gid` int(10) unsigned NOT NULL DEFAULT '0',
  `sort` tinyint(3) unsigned NOT NULL DEFAULT '0',
  PRIMARY KEY (`id`)
) ENGINE=InnoDB AUTO_INCREMENT=8 DEFAULT CHARSET=utf8;
/*!40101 SET character_set_client = @saved_cs_client */;

--
-- Dumping data for table `lee_showgoods`
--

LOCK TABLES `lee_showgoods` WRITE;
/*!40000 ALTER TABLE `lee_showgoods` DISABLE KEYS */;
INSERT INTO `lee_showgoods` VALUES (2,'upload/50791386745228.jpg',29,1),(3,'upload/25421386745245.jpg',30,2),(4,'upload/75681386745264.jpg',31,3),(5,'upload/36631386745277.jpg',32,4),(6,'upload/41861386745289.jpg',33,5),(7,'upload/17791386745300.jpg',34,6);
/*!40000 ALTER TABLE `lee_showgoods` ENABLE KEYS */;
UNLOCK TABLES;

--
-- Table structure for table `lee_tag`
--

DROP TABLE IF EXISTS `lee_tag`;
/*!40101 SET @saved_cs_client     = @@character_set_client */;
/*!40101 SET character_set_client = utf8 */;
CREATE TABLE `lee_tag` (
  `tid` smallint(5) unsigned NOT NULL AUTO_INCREMENT,
  `tname` char(20) NOT NULL DEFAULT '''''',
  `tc_id` smallint(5) unsigned NOT NULL DEFAULT '0',
  PRIMARY KEY (`tid`)
) ENGINE=InnoDB AUTO_INCREMENT=263 DEFAULT CHARSET=utf8;
/*!40101 SET character_set_client = @saved_cs_client */;

--
-- Dumping data for table `lee_tag`
--

LOCK TABLES `lee_tag` WRITE;
/*!40000 ALTER TABLE `lee_tag` DISABLE KEYS */;
INSERT INTO `lee_tag` VALUES (11,'棕色',5),(12,'红色',5),(13,'白色',5),(14,'粉色',5),(15,'黑色',5),(16,'蓝色',5),(17,'黄色',5),(18,'绿色',5),(19,'30*18*6cm',6),(20,'36*32*7cm',6),(21,'21*17*8.3cm',6),(22,'40*31.1*12cm',6),(23,'40.64*33.78*10.92cm',6),(24,'37*8*33cm',6),(25,' 23*4*13cm',6),(26,'22*9*18cm',6),(27,'棕色',7),(28,'红色',7),(29,'白色',7),(30,'粉色',7),(31,'黑色',7),(32,'蓝色',7),(33,'黄色',7),(34,'绿色',7),(42,'男',8),(43,'女',8),(44,'中性',8),(45,'男',10),(46,'女',10),(47,'棕色',9),(48,'红色',9),(49,'白色',9),(50,'粉色',9),(51,'黑色',9),(52,'蓝色',9),(53,'黄色',9),(54,'绿色',9),(55,'棕色',11),(56,'红色',11),(57,'白色',11),(58,'粉色',11),(59,'黑色',11),(60,'蓝色',11),(61,'黄色',11),(62,'绿色',11),(70,'时尚休闲',12),(71,'OL通勤',12),(72,'甜美可爱',12),(73,'甜美可爱、时尚前沿',12),(74,'时尚前沿、浪漫优雅',12),(75,'甜美可爱、浪漫优雅',12),(76,'简约休闲',12),(77,'浪漫优雅',12),(78,'通勤',12),(79,'时尚前沿、OL通勤',12),(118,'S',15),(119,'M',15),(120,'L',15),(121,'XL',15),(122,'棕色',16),(123,'红色',16),(124,'白色',16),(125,'粉色',16),(126,'黑色',16),(127,'蓝色',16),(128,'黄色',16),(129,'绿色',16),(137,'均码',17),(138,'M',17),(139,'棕色',18),(140,'红色',18),(141,'白色',18),(142,'粉色',18),(143,'黑色',18),(144,'蓝色',18),(145,'黄色',18),(146,'绿色',18),(154,'时尚休闲',19),(155,'乐活休闲',19),(156,'商务睿士',19),(157,'简约休闲',19),(158,'商务睿士、乐活休闲',19),(159,'商务休闲',19),(160,'商务时尚',19),(161,'青春时尚',19),(162,'乐活休闲',19),(163,'休闲时尚',19),(164,'时尚前沿',19),(165,'时尚商务',19),(166,'正装商务',19),(167,'165/38',20),(168,'165/39',20),(169,'170/40',20),(170,'175/41',20),(171,'180/42',20),(172,'185/44',20),(173,'180/43',20),(174,'棕色',21),(175,'红色',21),(176,'白色',21),(177,'粉色',21),(178,'黑色',21),(179,'蓝色',21),(180,'黄色',21),(181,'绿色',21),(189,'商务睿士',22),(190,'商务睿士+乐活休闲',22),(191,'棕色',23),(192,'红色',23),(193,'白色',23),(194,'粉色',23),(195,'黑色',23),(196,'蓝色',23),(197,'黄色',23),(198,'绿色',23),(206,'商务',24),(207,'休闲',24),(208,'简约',24),(209,'50',25),(210,'60',25),(211,'70',25),(212,'24L',25),(213,'18L',25),(214,'棕色',26),(215,'红色',26),(216,'白色',26),(217,'粉色',26),(218,'黑色',26),(219,'蓝色',26),(220,'黄色',26),(221,'绿色',26),(229,'平跟',27),(230,'低跟（<3cm）',27),(231,'低跟（<3cm）',27),(232,'中跟（3-6cm）',27),(233,'高跟（6-8cm）',27),(234,'超高跟（>8cm）',27),(235,'35',28),(236,'36',28),(237,'37',28),(238,'38',28),(239,'39',31),(240,'40',31),(241,'41',31),(242,'42',31),(243,'43',31),(244,'棕色',29),(245,'红色',29),(246,'白色',29),(247,'粉色',29),(248,'黑色',29),(249,'蓝色',29),(250,'黄色',29),(251,'绿色',29),(259,'日常休闲',30),(260,'商务休闲',30),(261,'商务正装',30),(262,'户外休闲',30);
/*!40000 ALTER TABLE `lee_tag` ENABLE KEYS */;
UNLOCK TABLES;

--
-- Table structure for table `lee_tag_attr`
--

DROP TABLE IF EXISTS `lee_tag_attr`;
/*!40101 SET @saved_cs_client     = @@character_set_client */;
/*!40101 SET character_set_client = utf8 */;
CREATE TABLE `lee_tag_attr` (
  `tc_id` smallint(5) unsigned NOT NULL AUTO_INCREMENT,
  `tc_name` char(20) NOT NULL DEFAULT '',
  `type_id` smallint(5) unsigned NOT NULL DEFAULT '0',
  `issize` tinyint(3) unsigned NOT NULL DEFAULT '0',
  PRIMARY KEY (`tc_id`),
  UNIQUE KEY `tid_UNIQUE` (`tc_id`)
) ENGINE=InnoDB AUTO_INCREMENT=32 DEFAULT CHARSET=utf8;
/*!40101 SET character_set_client = @saved_cs_client */;

--
-- Dumping data for table `lee_tag_attr`
--

LOCK TABLES `lee_tag_attr` WRITE;
/*!40000 ALTER TABLE `lee_tag_attr` DISABLE KEYS */;
INSERT INTO `lee_tag_attr` VALUES (5,'色系',3,1),(6,'尺寸',3,3),(7,'色系',4,1),(8,'适用性别',4,0),(9,'色系',5,1),(10,'适用性别',5,0),(11,'色系',6,1),(12,'风格',6,0),(15,'尺码',6,3),(16,'色系',8,1),(17,'尺码',8,0),(18,'色系',9,1),(19,'风格',9,0),(20,'尺码',9,3),(21,'色系',10,1),(22,'风格',10,0),(23,'色系',11,1),(24,'风格',11,0),(25,'尺码',11,3),(26,'色系',13,1),(27,'跟高',13,0),(28,'尺码',13,3),(29,'色系',12,1),(30,'风格',12,0),(31,'尺码',12,3);
/*!40000 ALTER TABLE `lee_tag_attr` ENABLE KEYS */;
UNLOCK TABLES;

--
-- Table structure for table `lee_tag_goods`
--

DROP TABLE IF EXISTS `lee_tag_goods`;
/*!40101 SET @saved_cs_client     = @@character_set_client */;
/*!40101 SET character_set_client = utf8 */;
CREATE TABLE `lee_tag_goods` (
  `id` int(10) unsigned NOT NULL AUTO_INCREMENT,
  `tid` smallint(5) unsigned NOT NULL DEFAULT '0',
  `gid` int(10) unsigned NOT NULL DEFAULT '0',
  PRIMARY KEY (`id`),
  UNIQUE KEY `id_UNIQUE` (`id`)
) ENGINE=InnoDB AUTO_INCREMENT=292 DEFAULT CHARSET=utf8;
/*!40101 SET character_set_client = @saved_cs_client */;

--
-- Dumping data for table `lee_tag_goods`
--

LOCK TABLES `lee_tag_goods` WRITE;
/*!40000 ALTER TABLE `lee_tag_goods` DISABLE KEYS */;
INSERT INTO `lee_tag_goods` VALUES (80,11,22),(81,12,22),(82,13,22),(83,14,22),(84,20,22),(85,21,22),(86,22,22),(87,11,23),(88,12,23),(89,13,23),(90,14,23),(91,20,23),(92,21,23),(93,22,23),(185,57,29),(186,58,29),(187,59,29),(188,70,29),(189,72,29),(190,76,29),(191,118,29),(192,119,29),(193,61,30),(194,70,30),(195,72,30),(196,73,30),(197,74,30),(198,118,30),(199,119,30),(200,120,30),(201,57,31),(202,70,31),(203,72,31),(204,73,31),(205,75,31),(206,118,31),(207,119,31),(208,58,32),(209,70,32),(210,72,32),(211,73,32),(212,74,32),(213,75,32),(214,118,32),(215,119,32),(216,55,33),(217,71,33),(218,76,33),(219,118,33),(220,119,33),(221,120,33),(222,58,34),(223,59,34),(224,71,34),(225,77,34),(226,78,34),(227,79,34),(228,118,34),(229,119,34),(230,120,34),(277,62,41),(278,70,41),(279,71,41),(280,77,41),(281,118,41),(282,119,41),(283,120,41),(284,57,42),(285,70,42),(286,71,42),(287,72,42),(288,73,42),(289,118,42),(290,119,42),(291,120,42);
/*!40000 ALTER TABLE `lee_tag_goods` ENABLE KEYS */;
UNLOCK TABLES;

--
-- Table structure for table `lee_tag_type`
--

DROP TABLE IF EXISTS `lee_tag_type`;
/*!40101 SET @saved_cs_client     = @@character_set_client */;
/*!40101 SET character_set_client = utf8 */;
CREATE TABLE `lee_tag_type` (
  `type_id` smallint(6) NOT NULL AUTO_INCREMENT,
  `type_name` char(20) NOT NULL DEFAULT '',
  PRIMARY KEY (`type_id`),
  UNIQUE KEY `tid_UNIQUE` (`type_id`)
) ENGINE=InnoDB AUTO_INCREMENT=24 DEFAULT CHARSET=utf8;
/*!40101 SET character_set_client = @saved_cs_client */;

--
-- Dumping data for table `lee_tag_type`
--

LOCK TABLES `lee_tag_type` WRITE;
/*!40000 ALTER TABLE `lee_tag_type` DISABLE KEYS */;
INSERT INTO `lee_tag_type` VALUES (3,'名品包包'),(4,'名品饰品'),(5,'名品珠宝'),(6,'女装'),(8,'袜子'),(9,'男装'),(10,'男士配饰'),(11,'包包'),(12,'男鞋'),(13,'女鞋'),(14,'手表'),(15,'金饰'),(16,'眼镜围巾'),(17,'银饰'),(18,'钻石'),(19,'饰品'),(20,'户外'),(21,'家纺'),(22,'浴室用品'),(23,'生活日用');
/*!40000 ALTER TABLE `lee_tag_type` ENABLE KEYS */;
UNLOCK TABLES;

--
-- Table structure for table `lee_user`
--

DROP TABLE IF EXISTS `lee_user`;
/*!40101 SET @saved_cs_client     = @@character_set_client */;
/*!40101 SET character_set_client = utf8 */;
CREATE TABLE `lee_user` (
  `uid` int(10) unsigned NOT NULL AUTO_INCREMENT COMMENT '用户id',
  `uname` char(20) NOT NULL DEFAULT '' COMMENT '用户名',
  `password` char(32) NOT NULL DEFAULT '',
  `email` char(20) NOT NULL DEFAULT '' COMMENT '邮箱',
  `status` tinyint(3) unsigned NOT NULL DEFAULT '0',
  PRIMARY KEY (`uid`),
  UNIQUE KEY `uid_UNIQUE` (`uid`)
) ENGINE=InnoDB AUTO_INCREMENT=5 DEFAULT CHARSET=utf8;
/*!40101 SET character_set_client = @saved_cs_client */;

--
-- Dumping data for table `lee_user`
--

LOCK TABLES `lee_user` WRITE;
/*!40000 ALTER TABLE `lee_user` DISABLE KEYS */;
INSERT INTO `lee_user` VALUES (4,'123@qq.com','202cb962ac59075b964b07152d234b70','123@qq.com',0);
/*!40000 ALTER TABLE `lee_user` ENABLE KEYS */;
UNLOCK TABLES;

--
-- Table structure for table `lee_user_info`
--

DROP TABLE IF EXISTS `lee_user_info`;
/*!40101 SET @saved_cs_client     = @@character_set_client */;
/*!40101 SET character_set_client = utf8 */;
CREATE TABLE `lee_user_info` (
  `uid` int(11) NOT NULL,
  `nickname` char(20) NOT NULL DEFAULT '' COMMENT '昵称',
  `name` char(20) NOT NULL DEFAULT '' COMMENT '姓名',
  `sex` set('男','女') NOT NULL DEFAULT '男' COMMENT '性别',
  `birthday` date NOT NULL DEFAULT '1111-11-11' COMMENT '生日',
  `city` char(20) NOT NULL DEFAULT '' COMMENT '省',
  `province` char(12) NOT NULL DEFAULT '' COMMENT '市',
  `county` char(12) NOT NULL DEFAULT '' COMMENT '县',
  `street` varchar(120) NOT NULL DEFAULT '' COMMENT '街道地址',
  `tel` char(12) NOT NULL DEFAULT '' COMMENT '电话',
  `phone` char(11) NOT NULL COMMENT '手机',
  `money` decimal(8,2) unsigned NOT NULL DEFAULT '0.00' COMMENT '账户余额',
  `zipcode` char(6) NOT NULL DEFAULT '',
  PRIMARY KEY (`uid`)
) ENGINE=InnoDB DEFAULT CHARSET=utf8;
/*!40101 SET character_set_client = @saved_cs_client */;

--
-- Dumping data for table `lee_user_info`
--

LOCK TABLES `lee_user_info` WRITE;
/*!40000 ALTER TABLE `lee_user_info` DISABLE KEYS */;
INSERT INTO `lee_user_info` VALUES (4,'','','男','1111-11-11','','','','','','',0.00,'');
/*!40000 ALTER TABLE `lee_user_info` ENABLE KEYS */;
UNLOCK TABLES;
/*!40103 SET TIME_ZONE=@OLD_TIME_ZONE */;

/*!40101 SET SQL_MODE=@OLD_SQL_MODE */;
/*!40014 SET FOREIGN_KEY_CHECKS=@OLD_FOREIGN_KEY_CHECKS */;
/*!40014 SET UNIQUE_CHECKS=@OLD_UNIQUE_CHECKS */;
/*!40101 SET CHARACTER_SET_CLIENT=@OLD_CHARACTER_SET_CLIENT */;
/*!40101 SET CHARACTER_SET_RESULTS=@OLD_CHARACTER_SET_RESULTS */;
/*!40101 SET COLLATION_CONNECTION=@OLD_COLLATION_CONNECTION */;
/*!40111 SET SQL_NOTES=@OLD_SQL_NOTES */;

-- Dump completed on 2013-12-16 21:01:14
